CREATE TABLE S(
    SNO CHAR(2) PRIMARY KEY,
    SNAME VARCHAR(20) NOT NULL,
    STATUS INT check(STATUS<=20),
    CITY VARCHAR(20)
);

CREATE TABLE S(SNO CHAR(2) PRIMARY KEY,SNAME VARCHAR(20) NOT NULL,STATUS INT,CITY VARCHAR(20));

insert into S(SNO,SNAME,STATUS,CITY) VALUES ("S1","jingyi",20,"tianjin");
insert into S(SNO,SNAME,STATUS,CITY) VALUES ("S1","jingyi",20,"tianjin");
insert into S(SNO,SNAME,STATUS,CITY) VALUES ("S2","shengxi",10,"beijing");
insert into S(SNO,SNAME,STATUS,CITY) VALUES ("S3","dongfang",30,"beijing");

select * from S;

--- 


CREATE TABLE Student(
	Sno CHAR(12) PRIMARY KEY, 
	Sname VARCHAR(20) UNIQUE,
	Sage INT NOT NULL
);

CREATE TABLE Course(
	Cno CHAR(4) PRIMARY KEY,
	Cname VARCHAR(20) UNIQUE,
	Cteacher VARCHAR(20) NOT NULL
);

CREATE TABLE SC(
	Sno CHAR(12),
	Cno CHAR(4),
	Grade FLOAT,
	PRIMARY KEY (Sno, Cno),
	FOREIGN KEY (Sno) REFERENCES Student(Sno),
	FOREIGN KEY (Cno) REFERENCES Course(Cno),
	CHECK(Grade >= 0 AND Grade <= 100)
);

INSERT INTO Student VALUES('201901060901', '鲍冠祥', 20);
INSERT INTO Student VALUES('201901060902', '曹一鸣', 20);
INSERT INTO Student VALUES('201901060903', '陈坤', 20);
INSERT INTO Student VALUES('201901060904', '陈庆浩', 20);
INSERT INTO Student VALUES('201901060905', '陈雨平', 20);
INSERT INTO Student VALUES('201901060906', '杜云龙', 20);
INSERT INTO Student VALUES('201901060907', '高昂', 20);
INSERT INTO Student VALUES('201901060908', '黄泳树', 20);
INSERT INTO Student VALUES('201901060909', '李一楠', 20);
INSERT INTO Student VALUES('201901060910', '李子豪', 20);
INSERT INTO Student VALUES('201901060911', '梁宪璞', 20);
INSERT INTO Student VALUES('201901060912', '刘晶文', 20);
INSERT INTO Student VALUES('201901060913', '刘龙浩', 20);
INSERT INTO Student VALUES('201901060914', '陆家祺', 20);
INSERT INTO Student VALUES('201901060915', '马湛东', 20);
INSERT INTO Student VALUES('201901060916', '孙渝林', 20);
INSERT INTO Student VALUES('201901060917', '唐成杰', 20);
INSERT INTO Student VALUES('201901060918', '王一璠', 20);
INSERT INTO Student VALUES('201901060919', '魏国政', 20);
INSERT INTO Student VALUES('201901060920', '咸和兴', 20);
INSERT INTO Student VALUES('201901060921', '修鹏翔', 20);
INSERT INTO Student VALUES('201901060922', '徐冰璞', 20);
INSERT INTO Student VALUES('201901060923', '徐同博', 20);
INSERT INTO Student VALUES('201901060924', '薛翔宇', 20);
INSERT INTO Student VALUES('201901060925', '于欣悦', 20);
INSERT INTO Student VALUES('201901060926', '苑滕龙', 20);
INSERT INTO Student VALUES('201901060927', '张嘉峻', 20);
INSERT INTO Student VALUES('201901060928', '张宇', 20);
INSERT INTO Student VALUES('201901060929', '赵倩倩', 20);
INSERT INTO Student VALUES('201901060930', '朱文迪', 20);

INSERT INTO Course VALUES('1', '计算机组成原理', '傅游');
INSERT INTO Course VALUES('2', '物联网感知实习', '于建志');
INSERT INTO Course VALUES('3', '网络程序设计实验', '赵建立');
INSERT INTO Course VALUES('4', '毛泽东思想和中国特色社会主义理论体系概论', '周月');
INSERT INTO Course VALUES('5', '网络程序设计', '赵建立');
INSERT INTO Course VALUES('6', '思想政治理论课综合实践', '崔煜');
INSERT INTO Course VALUES('7', '概率论与数理统计', '张子叶');
INSERT INTO Course VALUES('8', '单片机原理与应用', '陈雪');
INSERT INTO Course VALUES('9', 'Java程序设计实验', '仇丽青');
INSERT INTO Course VALUES('10', '计算机组成原理实验', '傅游');
INSERT INTO Course VALUES('11', '物联网感知技术', '罗汉江');
INSERT INTO Course VALUES('12', '体育', '刘衍勇');
INSERT INTO Course VALUES('13', '物联网感知技术实验', '罗汉江');
INSERT INTO Course VALUES('14', 'Java程序设计', '仇丽青');
INSERT INTO Course VALUES('15', '形式与政策', '邱楚珈');

INSERT INTO SC VALUES('201901060901', '1', 67);
INSERT INTO SC VALUES('201901060901', '2', 85);
INSERT INTO SC VALUES('201901060901', '3', 65);
INSERT INTO SC VALUES('201901060901', '4', 60);
INSERT INTO SC VALUES('201901060901', '5', 0);
INSERT INTO SC VALUES('201901060901', '6', 88);
INSERT INTO SC VALUES('201901060901', '7', 73);
INSERT INTO SC VALUES('201901060901', '8', 75);
INSERT INTO SC VALUES('201901060901', '9', 75);
INSERT INTO SC VALUES('201901060901', '10', 91);
INSERT INTO SC VALUES('201901060901', '11', 79);
INSERT INTO SC VALUES('201901060901', '12', 87);
INSERT INTO SC VALUES('201901060901', '13', 75);
INSERT INTO SC VALUES('201901060901', '14', 65);
INSERT INTO SC VALUES('201901060901', '15', 94);

INSERT INTO SC VALUES('201901060902', '1', 94);
INSERT INTO SC VALUES('201901060902', '2', 97);
INSERT INTO SC VALUES('201901060902', '3', 95);
INSERT INTO SC VALUES('201901060902', '4', 80);
INSERT INTO SC VALUES('201901060902', '5', 95);
INSERT INTO SC VALUES('201901060902', '6', 95);
INSERT INTO SC VALUES('201901060902', '7', 99);
INSERT INTO SC VALUES('201901060902', '8', 95);
INSERT INTO SC VALUES('201901060902', '9', 95);
INSERT INTO SC VALUES('201901060902', '10', 99);
INSERT INTO SC VALUES('201901060902', '11', 96);
INSERT INTO SC VALUES('201901060902', '12', 82);
INSERT INTO SC VALUES('201901060902', '13', 95);
INSERT INTO SC VALUES('201901060902', '14', 95);
INSERT INTO SC VALUES('201901060902', '15', 94);

INSERT INTO SC VALUES('201901060903', '1', 76);
INSERT INTO SC VALUES('201901060903', '2', 78);
INSERT INTO SC VALUES('201901060903', '3', 85);
INSERT INTO SC VALUES('201901060903', '4', 75);
INSERT INTO SC VALUES('201901060903', '5', 85);
INSERT INTO SC VALUES('201901060903', '6', 87);
INSERT INTO SC VALUES('201901060903', '7', 92);
INSERT INTO SC VALUES('201901060903', '8', 85);
INSERT INTO SC VALUES('201901060903', '9', 95);
INSERT INTO SC VALUES('201901060903', '10', 86);
INSERT INTO SC VALUES('201901060903', '11', 87);
INSERT INTO SC VALUES('201901060903', '12', 91);
INSERT INTO SC VALUES('201901060903', '13', 85);
INSERT INTO SC VALUES('201901060903', '14', 85);
INSERT INTO SC VALUES('201901060903', '15', 92);

INSERT INTO SC VALUES('201901060904', '1', 72);
INSERT INTO SC VALUES('201901060904', '2', 82);
INSERT INTO SC VALUES('201901060904', '3', 85);
INSERT INTO SC VALUES('201901060904', '4', 63);
INSERT INTO SC VALUES('201901060904', '5', 85);
INSERT INTO SC VALUES('201901060904', '6', 85);
INSERT INTO SC VALUES('201901060904', '7', 73);
INSERT INTO SC VALUES('201901060904', '8', 85);
INSERT INTO SC VALUES('201901060904', '9', 95);
INSERT INTO SC VALUES('201901060904', '10', 90);
INSERT INTO SC VALUES('201901060904', '11', 82);
INSERT INTO SC VALUES('201901060904', '12', 99);
INSERT INTO SC VALUES('201901060904', '13', 85);
INSERT INTO SC VALUES('201901060904', '14', 95);
INSERT INTO SC VALUES('201901060904', '15', 92);

INSERT INTO SC VALUES('201901060905', '1', 70);
INSERT INTO SC VALUES('201901060905', '2', 84);
INSERT INTO SC VALUES('201901060905', '3', 85);
INSERT INTO SC VALUES('201901060905', '4', 65);
INSERT INTO SC VALUES('201901060905', '5', 85);
INSERT INTO SC VALUES('201901060905', '6', 89);
INSERT INTO SC VALUES('201901060905', '7', 62);
INSERT INTO SC VALUES('201901060905', '8', 85);
INSERT INTO SC VALUES('201901060905', '9', 65);
INSERT INTO SC VALUES('201901060905', '10', 93);
INSERT INTO SC VALUES('201901060905', '11', 72);
INSERT INTO SC VALUES('201901060905', '12', 94);
INSERT INTO SC VALUES('201901060905', '13', 85);
INSERT INTO SC VALUES('201901060905', '14', 0);
INSERT INTO SC VALUES('201901060905', '15', 95);

INSERT INTO SC VALUES('201901060906', '1', 74);
INSERT INTO SC VALUES('201901060906', '2', 84);
INSERT INTO SC VALUES('201901060906', '3', 85);
INSERT INTO SC VALUES('201901060906', '4', 78);
INSERT INTO SC VALUES('201901060906', '5', 95);
INSERT INTO SC VALUES('201901060906', '6', 93);
INSERT INTO SC VALUES('201901060906', '7', 84);
INSERT INTO SC VALUES('201901060906', '8', 85);
INSERT INTO SC VALUES('201901060906', '9', 95);
INSERT INTO SC VALUES('201901060906', '10', 76);
INSERT INTO SC VALUES('201901060906', '11', 84);
INSERT INTO SC VALUES('201901060906', '12', 83);
INSERT INTO SC VALUES('201901060906', '13', 85);
INSERT INTO SC VALUES('201901060906', '14', 75);
INSERT INTO SC VALUES('201901060906', '15', 92);

INSERT INTO SC VALUES('201901060907', '1', 67);
INSERT INTO SC VALUES('201901060907', '2', 80);
INSERT INTO SC VALUES('201901060907', '3', 65);
INSERT INTO SC VALUES('201901060907', '4', 74);
INSERT INTO SC VALUES('201901060907', '5', 0);
INSERT INTO SC VALUES('201901060907', '6', 85);
INSERT INTO SC VALUES('201901060907', '7', 0);
INSERT INTO SC VALUES('201901060907', '8', 75);
INSERT INTO SC VALUES('201901060907', '9', 0);
INSERT INTO SC VALUES('201901060907', '10', 80);
INSERT INTO SC VALUES('201901060907', '11', 74);
INSERT INTO SC VALUES('201901060907', '12', 82);
INSERT INTO SC VALUES('201901060907', '13', 85);
INSERT INTO SC VALUES('201901060907', '14', 0);
INSERT INTO SC VALUES('201901060907', '15', 91);

INSERT INTO SC VALUES('201901060908', '1', 79);
INSERT INTO SC VALUES('201901060908', '2', 78);
INSERT INTO SC VALUES('201901060908', '3', 85);
INSERT INTO SC VALUES('201901060908', '4', 61);
INSERT INTO SC VALUES('201901060908', '5', 75);
INSERT INTO SC VALUES('201901060908', '6', 85);
INSERT INTO SC VALUES('201901060908', '7', 94);
INSERT INTO SC VALUES('201901060908', '8', 75);
INSERT INTO SC VALUES('201901060908', '9', 95);
INSERT INTO SC VALUES('201901060908', '10', 70);
INSERT INTO SC VALUES('201901060908', '11', 73);
INSERT INTO SC VALUES('201901060908', '12', 89);
INSERT INTO SC VALUES('201901060908', '13', 85);
INSERT INTO SC VALUES('201901060908', '14', 95);
INSERT INTO SC VALUES('201901060908', '15', 91);

INSERT INTO SC VALUES('201901060909', '1', 0);
INSERT INTO SC VALUES('201901060909', '2', 85);
INSERT INTO SC VALUES('201901060909', '3', 75);
INSERT INTO SC VALUES('201901060909', '4', 60);
INSERT INTO SC VALUES('201901060909', '5', 65);
INSERT INTO SC VALUES('201901060909', '6', 79);
INSERT INTO SC VALUES('201901060909', '7', 0);
INSERT INTO SC VALUES('201901060909', '8', 75);
INSERT INTO SC VALUES('201901060909', '9', 95);
INSERT INTO SC VALUES('201901060909', '10', 86);
INSERT INTO SC VALUES('201901060909', '11', 76);
INSERT INTO SC VALUES('201901060909', '12', 76);
INSERT INTO SC VALUES('201901060909', '13', 85);
INSERT INTO SC VALUES('201901060909', '14', 75);
INSERT INTO SC VALUES('201901060909', '15', 91);

INSERT INTO SC VALUES('201901060910', '1', 60);
INSERT INTO SC VALUES('201901060910', '2', 80);
INSERT INTO SC VALUES('201901060910', '3', 75);
INSERT INTO SC VALUES('201901060910', '4', 72);
INSERT INTO SC VALUES('201901060910', '5', 65);
INSERT INTO SC VALUES('201901060910', '6', 86);
INSERT INTO SC VALUES('201901060910', '7', 0);
INSERT INTO SC VALUES('201901060910', '8', 85);
INSERT INTO SC VALUES('201901060910', '9', 0);
INSERT INTO SC VALUES('201901060910', '10', 82);
INSERT INTO SC VALUES('201901060910', '11', 70);
INSERT INTO SC VALUES('201901060910', '12', 68);
INSERT INTO SC VALUES('201901060910', '13', 75);
INSERT INTO SC VALUES('201901060910', '14', 0);
INSERT INTO SC VALUES('201901060910', '15', 90);

INSERT INTO SC VALUES('201901060911', '1', 74);
INSERT INTO SC VALUES('201901060911', '2', 83);
INSERT INTO SC VALUES('201901060911', '3', 75);
INSERT INTO SC VALUES('201901060911', '4', 66);
INSERT INTO SC VALUES('201901060911', '5', 95);
INSERT INTO SC VALUES('201901060911', '6', 86);
INSERT INTO SC VALUES('201901060911', '7', 80);
INSERT INTO SC VALUES('201901060911', '8', 85);
INSERT INTO SC VALUES('201901060911', '9', 95);
INSERT INTO SC VALUES('201901060911', '10', 90);
INSERT INTO SC VALUES('201901060911', '11', 85);
INSERT INTO SC VALUES('201901060911', '12', 70);
INSERT INTO SC VALUES('201901060911', '13', 95);
INSERT INTO SC VALUES('201901060911', '14', 75);
INSERT INTO SC VALUES('201901060911', '15', 91);

INSERT INTO SC VALUES('201901060912', '1', 97);
INSERT INTO SC VALUES('201901060912', '2', 92);
INSERT INTO SC VALUES('201901060912', '3', 95);
INSERT INTO SC VALUES('201901060912', '4', 77);
INSERT INTO SC VALUES('201901060912', '5', 95);
INSERT INTO SC VALUES('201901060912', '6', 92);
INSERT INTO SC VALUES('201901060912', '7', 99);
INSERT INTO SC VALUES('201901060912', '8', 95);
INSERT INTO SC VALUES('201901060912', '9', 95);
INSERT INTO SC VALUES('201901060912', '10', 98);
INSERT INTO SC VALUES('201901060912', '11', 96);
INSERT INTO SC VALUES('201901060912', '12', 93);
INSERT INTO SC VALUES('201901060912', '13', 95);
INSERT INTO SC VALUES('201901060912', '14', 95);
INSERT INTO SC VALUES('201901060912', '15', 92);

INSERT INTO SC VALUES('201901060913', '1', 72);
INSERT INTO SC VALUES('201901060913', '2', 87);
INSERT INTO SC VALUES('201901060913', '3', 65);
INSERT INTO SC VALUES('201901060913', '4', 74);
INSERT INTO SC VALUES('201901060913', '5', 65);
INSERT INTO SC VALUES('201901060913', '6', 83);
INSERT INTO SC VALUES('201901060913', '7', 89);
INSERT INTO SC VALUES('201901060913', '8', 85);
INSERT INTO SC VALUES('201901060913', '9', 95);
INSERT INTO SC VALUES('201901060913', '10', 84);
INSERT INTO SC VALUES('201901060913', '11', 81);
INSERT INTO SC VALUES('201901060913', '12', 76);
INSERT INTO SC VALUES('201901060913', '13', 95);
INSERT INTO SC VALUES('201901060913', '14', 75);
INSERT INTO SC VALUES('201901060913', '15', 90);

INSERT INTO SC VALUES('201901060914', '1', 76);
INSERT INTO SC VALUES('201901060914', '2', 82);
INSERT INTO SC VALUES('201901060914', '3', 75);
INSERT INTO SC VALUES('201901060914', '4', 69);
INSERT INTO SC VALUES('201901060914', '5', 75);
INSERT INTO SC VALUES('201901060914', '6', 79);
INSERT INTO SC VALUES('201901060914', '7', 89);
INSERT INTO SC VALUES('201901060914', '8', 85);
INSERT INTO SC VALUES('201901060914', '9', 0);
INSERT INTO SC VALUES('201901060914', '10', 85);
INSERT INTO SC VALUES('201901060914', '11', 82);
INSERT INTO SC VALUES('201901060914', '12', 74);
INSERT INTO SC VALUES('201901060914', '13', 85);
INSERT INTO SC VALUES('201901060914', '14', 75);
INSERT INTO SC VALUES('201901060914', '15', 93);

INSERT INTO SC VALUES('201901060915', '1', 0);
INSERT INTO SC VALUES('201901060915', '2', 86);
INSERT INTO SC VALUES('201901060915', '3', 65);
INSERT INTO SC VALUES('201901060915', '4', 64);
INSERT INTO SC VALUES('201901060915', '5', 0);
INSERT INTO SC VALUES('201901060915', '6', 85);
INSERT INTO SC VALUES('201901060915', '7', 0);
INSERT INTO SC VALUES('201901060915', '8', 85);
INSERT INTO SC VALUES('201901060915', '9', 95);
INSERT INTO SC VALUES('201901060915', '10', 70);
INSERT INTO SC VALUES('201901060915', '11', 73);
INSERT INTO SC VALUES('201901060915', '12', 80);
INSERT INTO SC VALUES('201901060915', '13', 85);
INSERT INTO SC VALUES('201901060915', '14', 95);
INSERT INTO SC VALUES('201901060915', '15', 93);

INSERT INTO SC VALUES('201901060916', '1', 88);
INSERT INTO SC VALUES('201901060916', '2', 91);
INSERT INTO SC VALUES('201901060916', '3', 85);
INSERT INTO SC VALUES('201901060916', '4', 75);
INSERT INTO SC VALUES('201901060916', '5', 85);
INSERT INTO SC VALUES('201901060916', '6', 89);
INSERT INTO SC VALUES('201901060916', '7', 90);
INSERT INTO SC VALUES('201901060916', '8', 95);
INSERT INTO SC VALUES('201901060916', '9', 75);
INSERT INTO SC VALUES('201901060916', '10', 90);
INSERT INTO SC VALUES('201901060916', '11', 89);
INSERT INTO SC VALUES('201901060916', '12', 97);
INSERT INTO SC VALUES('201901060916', '13', 95);
INSERT INTO SC VALUES('201901060916', '14', 75);
INSERT INTO SC VALUES('201901060916', '15', 93);

INSERT INTO SC VALUES('201901060917', '1', 84);
INSERT INTO SC VALUES('201901060917', '2', 84);
INSERT INTO SC VALUES('201901060917', '3', 95);
INSERT INTO SC VALUES('201901060917', '4', 82);
INSERT INTO SC VALUES('201901060917', '5', 85);
INSERT INTO SC VALUES('201901060917', '6', 80);
INSERT INTO SC VALUES('201901060917', '7', 83);
INSERT INTO SC VALUES('201901060917', '8', 95);
INSERT INTO SC VALUES('201901060917', '9', 85);
INSERT INTO SC VALUES('201901060917', '10', 85);
INSERT INTO SC VALUES('201901060917', '11', 88);
INSERT INTO SC VALUES('201901060917', '12', 91);
INSERT INTO SC VALUES('201901060917', '13', 85);
INSERT INTO SC VALUES('201901060917', '14', 75);
INSERT INTO SC VALUES('201901060917', '15', 92);

INSERT INTO SC VALUES('201901060918', '1', 94);
INSERT INTO SC VALUES('201901060918', '2', 85);
INSERT INTO SC VALUES('201901060918', '3', 95);
INSERT INTO SC VALUES('201901060918', '4', 77);
INSERT INTO SC VALUES('201901060918', '5', 95);
INSERT INTO SC VALUES('201901060918', '6', 89);
INSERT INTO SC VALUES('201901060918', '7', 94);
INSERT INTO SC VALUES('201901060918', '8', 85);
INSERT INTO SC VALUES('201901060918', '9', 85);
INSERT INTO SC VALUES('201901060918', '10', 100);
INSERT INTO SC VALUES('201901060918', '11', 94);
INSERT INTO SC VALUES('201901060918', '12', 87);
INSERT INTO SC VALUES('201901060918', '13', 95);
INSERT INTO SC VALUES('201901060918', '14', 95);
INSERT INTO SC VALUES('201901060918', '15', 95);

INSERT INTO SC VALUES('201901060919', '1', 76);
INSERT INTO SC VALUES('201901060919', '2', 85);
INSERT INTO SC VALUES('201901060919', '3', 85);
INSERT INTO SC VALUES('201901060919', '4', 76);
INSERT INTO SC VALUES('201901060919', '5', 75);
INSERT INTO SC VALUES('201901060919', '6', 79);
INSERT INTO SC VALUES('201901060919', '7', 93);
INSERT INTO SC VALUES('201901060919', '8', 85);
INSERT INTO SC VALUES('201901060919', '9', 95);
INSERT INTO SC VALUES('201901060919', '10', 80);
INSERT INTO SC VALUES('201901060919', '11', 88);
INSERT INTO SC VALUES('201901060919', '12', 63);
INSERT INTO SC VALUES('201901060919', '13', 95);
INSERT INTO SC VALUES('201901060919', '14', 85);
INSERT INTO SC VALUES('201901060919', '15', 92);

INSERT INTO SC VALUES('201901060920', '1', 60);
INSERT INTO SC VALUES('201901060920', '2', 79);
INSERT INTO SC VALUES('201901060920', '3', 75);
INSERT INTO SC VALUES('201901060920', '4', 70);
INSERT INTO SC VALUES('201901060920', '5', 75);
INSERT INTO SC VALUES('201901060920', '6', 88);
INSERT INTO SC VALUES('201901060920', '7', 73);
INSERT INTO SC VALUES('201901060920', '8', 75);
INSERT INTO SC VALUES('201901060920', '9', 0);
INSERT INTO SC VALUES('201901060920', '10', 87);
INSERT INTO SC VALUES('201901060920', '11', 82);
INSERT INTO SC VALUES('201901060920', '12', 81);
INSERT INTO SC VALUES('201901060920', '13', 85);
INSERT INTO SC VALUES('201901060920', '14', 65);
INSERT INTO SC VALUES('201901060920', '15', 92);

INSERT INTO SC VALUES('201901060921', '1', 70);
INSERT INTO SC VALUES('201901060921', '2', 82);
INSERT INTO SC VALUES('201901060921', '3', 85);
INSERT INTO SC VALUES('201901060921', '4', 67);
INSERT INTO SC VALUES('201901060921', '5', 75);
INSERT INTO SC VALUES('201901060921', '6', 89);
INSERT INTO SC VALUES('201901060921', '7', 82);
INSERT INTO SC VALUES('201901060921', '8', 85);
INSERT INTO SC VALUES('201901060921', '9', 85);
INSERT INTO SC VALUES('201901060921', '10', 91);
INSERT INTO SC VALUES('201901060921', '11', 85);
INSERT INTO SC VALUES('201901060921', '12', 83);
INSERT INTO SC VALUES('201901060921', '13', 85);
INSERT INTO SC VALUES('201901060921', '14', 85);
INSERT INTO SC VALUES('201901060921', '15', 89);

INSERT INTO SC VALUES('201901060922', '1', 0);
INSERT INTO SC VALUES('201901060922', '2', 84);
INSERT INTO SC VALUES('201901060922', '3', 85);
INSERT INTO SC VALUES('201901060922', '4', 69);
INSERT INTO SC VALUES('201901060922', '5', 65);
INSERT INTO SC VALUES('201901060922', '6', 79);
INSERT INTO SC VALUES('201901060922', '7', 66);
INSERT INTO SC VALUES('201901060922', '8', 85);
INSERT INTO SC VALUES('201901060922', '9', 0);
INSERT INTO SC VALUES('201901060922', '10', 88);
INSERT INTO SC VALUES('201901060922', '11', 81);
INSERT INTO SC VALUES('201901060922', '12', 64);
INSERT INTO SC VALUES('201901060922', '13', 85);
INSERT INTO SC VALUES('201901060922', '14', 75);
INSERT INTO SC VALUES('201901060922', '15', 92);

INSERT INTO SC VALUES('201901060923', '1', 74);
INSERT INTO SC VALUES('201901060923', '2', 82);
INSERT INTO SC VALUES('201901060923', '3', 85);
INSERT INTO SC VALUES('201901060923', '4', 77);
INSERT INTO SC VALUES('201901060923', '5', 75);
INSERT INTO SC VALUES('201901060923', '6', 80);
INSERT INTO SC VALUES('201901060923', '7', 84);
INSERT INTO SC VALUES('201901060923', '8', 85);
INSERT INTO SC VALUES('201901060923', '9', 65);
INSERT INTO SC VALUES('201901060923', '10', 92);
INSERT INTO SC VALUES('201901060923', '11', 86);
INSERT INTO SC VALUES('201901060923', '12', 70);
INSERT INTO SC VALUES('201901060923', '13', 95);
INSERT INTO SC VALUES('201901060923', '14', 65);
INSERT INTO SC VALUES('201901060923', '15', 92);

INSERT INTO SC VALUES('201901060924', '1', 63);
INSERT INTO SC VALUES('201901060924', '2', 80);
INSERT INTO SC VALUES('201901060924', '3', 95);
INSERT INTO SC VALUES('201901060924', '4', 72);
INSERT INTO SC VALUES('201901060924', '5', 65);
INSERT INTO SC VALUES('201901060924', '6', 79);
INSERT INTO SC VALUES('201901060924', '7', 61);
INSERT INTO SC VALUES('201901060924', '8', 85);
INSERT INTO SC VALUES('201901060924', '9', 65);
INSERT INTO SC VALUES('201901060924', '10', 83);
INSERT INTO SC VALUES('201901060924', '11', 69);
INSERT INTO SC VALUES('201901060924', '12', 91);
INSERT INTO SC VALUES('201901060924', '13', 85);
INSERT INTO SC VALUES('201901060924', '14', 0);
INSERT INTO SC VALUES('201901060924', '15', 92);

INSERT INTO SC VALUES('201901060925', '1', 71);
INSERT INTO SC VALUES('201901060925', '2', 82);
INSERT INTO SC VALUES('201901060925', '3', 85);
INSERT INTO SC VALUES('201901060925', '4', 71);
INSERT INTO SC VALUES('201901060925', '5', 65);
INSERT INTO SC VALUES('201901060925', '6', 83);
INSERT INTO SC VALUES('201901060925', '7', 60);
INSERT INTO SC VALUES('201901060925', '8', 85);
INSERT INTO SC VALUES('201901060925', '9', 65);
INSERT INTO SC VALUES('201901060925', '10', 89);
INSERT INTO SC VALUES('201901060925', '11', 70);
INSERT INTO SC VALUES('201901060925', '12', 90);
INSERT INTO SC VALUES('201901060925', '13', 85);
INSERT INTO SC VALUES('201901060925', '14', 75);
INSERT INTO SC VALUES('201901060925', '15', 87);

INSERT INTO SC VALUES('201901060926', '1', 71);
INSERT INTO SC VALUES('201901060926', '2', 91);
INSERT INTO SC VALUES('201901060926', '3', 85);
INSERT INTO SC VALUES('201901060926', '4', 68);
INSERT INTO SC VALUES('201901060926', '5', 85);
INSERT INTO SC VALUES('201901060926', '6', 81);
INSERT INTO SC VALUES('201901060926', '7', 68);
INSERT INTO SC VALUES('201901060926', '8', 75);
INSERT INTO SC VALUES('201901060926', '9', 75);
INSERT INTO SC VALUES('201901060926', '10', 95);
INSERT INTO SC VALUES('201901060926', '11', 82);
INSERT INTO SC VALUES('201901060926', '12', 84);
INSERT INTO SC VALUES('201901060926', '13', 85);
INSERT INTO SC VALUES('201901060926', '14', 65);
INSERT INTO SC VALUES('201901060926', '15', 94);

INSERT INTO SC VALUES('201901060927', '1', 81);
INSERT INTO SC VALUES('201901060927', '2', 91);
INSERT INTO SC VALUES('201901060927', '3', 85);
INSERT INTO SC VALUES('201901060927', '4', 78);
INSERT INTO SC VALUES('201901060927', '5', 85);
INSERT INTO SC VALUES('201901060927', '6', 88);
INSERT INTO SC VALUES('201901060927', '7', 88);
INSERT INTO SC VALUES('201901060927', '8', 95);
INSERT INTO SC VALUES('201901060927', '9', 95);
INSERT INTO SC VALUES('201901060927', '10', 96);
INSERT INTO SC VALUES('201901060927', '11', 87);
INSERT INTO SC VALUES('201901060927', '12', 88);
INSERT INTO SC VALUES('201901060927', '13', 95);
INSERT INTO SC VALUES('201901060927', '14', 95);
INSERT INTO SC VALUES('201901060927', '15', 93);

INSERT INTO SC VALUES('201901060928', '1', 93);
INSERT INTO SC VALUES('201901060928', '2', 91);
INSERT INTO SC VALUES('201901060928', '3', 95);
INSERT INTO SC VALUES('201901060928', '4', 78);
INSERT INTO SC VALUES('201901060928', '5', 95);
INSERT INTO SC VALUES('201901060928', '6', 90);
INSERT INTO SC VALUES('201901060928', '7', 94);
INSERT INTO SC VALUES('201901060928', '8', 95);
INSERT INTO SC VALUES('201901060928', '9', 95);
INSERT INTO SC VALUES('201901060928', '10', 95);
INSERT INTO SC VALUES('201901060928', '11', 94);
INSERT INTO SC VALUES('201901060928', '12', 80);
INSERT INTO SC VALUES('201901060928', '13', 95);
INSERT INTO SC VALUES('201901060928', '14', 85);
INSERT INTO SC VALUES('201901060928', '15', 92);

INSERT INTO SC VALUES('201901060929', '1', 86);
INSERT INTO SC VALUES('201901060929', '2', 89);
INSERT INTO SC VALUES('201901060929', '3', 95);
INSERT INTO SC VALUES('201901060929', '4', 86);
INSERT INTO SC VALUES('201901060929', '5', 95);
INSERT INTO SC VALUES('201901060929', '6', 88);
INSERT INTO SC VALUES('201901060929', '7', 94);
INSERT INTO SC VALUES('201901060929', '8', 95);
INSERT INTO SC VALUES('201901060929', '9', 95);
INSERT INTO SC VALUES('201901060929', '10', 99);
INSERT INTO SC VALUES('201901060929', '11', 90);
INSERT INTO SC VALUES('201901060929', '12', 89);
INSERT INTO SC VALUES('201901060929', '13', 95);
INSERT INTO SC VALUES('201901060929', '14', 95);
INSERT INTO SC VALUES('201901060929', '15', 93);

INSERT INTO SC VALUES('201901060930', '1', 72);
INSERT INTO SC VALUES('201901060930', '2', 91);
INSERT INTO SC VALUES('201901060930', '3', 95);
INSERT INTO SC VALUES('201901060930', '4', 73);
INSERT INTO SC VALUES('201901060930', '5', 85);
INSERT INTO SC VALUES('201901060930', '6', 81);
INSERT INTO SC VALUES('201901060930', '7', 82);
INSERT INTO SC VALUES('201901060930', '8', 85);
INSERT INTO SC VALUES('201901060930', '9', 0);
INSERT INTO SC VALUES('201901060930', '10', 91);
INSERT INTO SC VALUES('201901060930', '11', 78);
INSERT INTO SC VALUES('201901060930', '12', 92);
INSERT INTO SC VALUES('201901060930', '13', 95);
INSERT INTO SC VALUES('201901060930', '14', 65);
INSERT INTO SC VALUES('201901060930', '15', 93);

CREATE INDEX Stusno ON Student(Sno);
CREATE INDEX Coucno ON Course(Cno);

CREATE VIEW IS_Student AS SELECT * FROM Student;
CREATE VIEW IS_Course AS SELECT * FROM Course WITH CHECK OPTION;

SELECT Sname FROM Student WHERE Sage > 19;
SELECT DISTINCT Sno FROM SC WHERE Grade < 60;
//SELECT Sname FROM Student WHERE Sno IN (SELECT DISTINCT Sno FROM SC WHERE Grade < 60);
SELECT Sno FROM SC WHERE Grade BETWEEN 80 AND 90;
SELECT Sname FROM Student WHERE Sname LIKE '张%';
SELECT Sno FROM SC WHERE Grade IS NOT NULL;
SELECT Sno FROM SC WHERE Grade > 60 AND Cno = '1';
SELECT COUNT(*) FROM Student;
SELECT COUNT(Cno) FROM Course;
SELECT AVG(Grade) FROM SC WHERE Cno = '1';
SELECT SUM(Grade) FROM SC WHERE Cno = '1';
SELECT Sno, AVG(Grade) FROM SC GROUP BY Sno HAVING AVG(Grade) >= 60;
SELECT Sno, COUNT(Cno) FROM SC GROUP BY Sno ORDER BY Sno ASC;

GRANT SELECT ON TABLE Student TO zjj;
GRANT ALL PRIVILEGES ON TABLE Course TO zjj;
GRANT SELECT ON TABLE SC TO PUBLIC;
GRANT UPDATE(Sno) ON TABLE Student TO zjj WITH GRANT OPTION;

REVOKE UPDATE(Sno) ON TABLE Student FROM zjj;
REVOKE SELECT ON TABLE SC FROM PUBLIC;

HELP TABLE Student;
HELP TABLE Course;
HELP TABLE SC;
HELP INDEX Stusno;
HELP INDEX Coucno;
HELP VIEW IS_Student;
HELP VIEW IS_Course;
HELP DATABASE;

